,RMSE,MAE
0,0.33789578,0.20645231
