,RMSE,MAE
0,0.6571436,0.41943255
